Dataset,Model,Accuracy,Precision,Recall,F1,FalsePositiveRate
CiscoRealTelemetry,LSTM,0.7115384615384616,0.5833333333333334,0.4117647058823529,0.4827586206896552,0.14285714285714285
CiscoRealTelemetry,Transformer,0.7115384615384616,0.5555555555555556,0.5882352941176471,0.5714285714285714,0.22857142857142856
