Accuracy,PrecisionWeighted,RecallWeighted,F1Weighted
0.8518518518518519,0.8552296611550856,0.8518518518518519,0.8502905927369866
