Method,Family,RCAAccuracy,DetectionDelaySeconds,InferenceLatencyMs,CompoundFailureAccuracy,SpeedTier
RuleBasedRCA,Rule-based RCA,0.30303030303030304,39.053975492715836,0.0009322088832656543,0.43478260869565216,fast
CorrelationRCA,Correlation-based RCA,0.6363636363636364,1.5539754927158356,0.007407275233639494,0.6521739130434783,fast
GCN-Static,Graph-based RCA baseline,0.9393939393939394,6.271358776092529,0.006419179373465123,0.9130434782608695,fast
STGNN-Full,Temporal graph RCA,0.9393939393939394,5.226132313410441,0.04220409997894118,0.9130434782608695,fast
