Model,RCAAccuracy,MeanDetectionDelaySeconds,DetectionRecall,InferenceLatencyMs
RandomForest,0.9696969696969697,80.39399613652911,0.875,
MLP,0.9696969696969697,5.226132313410441,0.75,
CorrelationRCA,0.6363636363636364,1.5539754927158356,1.0,0.007407275233639494
RuleBasedRCA,0.30303030303030304,39.053975492715836,1.0,0.0009322088832656543
STGNN-Full,0.9393939393939394,5.226132313410441,0.75,0.04220409997894118
STGNN-NoTopology,0.9393939393939394,6.271358776092529,0.625,
STGNN-NoTemporal,0.9393939393939394,6.271358776092529,0.625,0.006419179373465123
