Model,Accuracy,PrecisionWeighted,RecallWeighted,F1Weighted,F1Macro
RandomForest,0.9696969696969697,0.9757575757575758,0.9696969696969697,0.9706589706589707,0.9603174603174602
MLP,0.9696969696969697,0.9757575757575758,0.9696969696969697,0.9706589706589707,0.9603174603174602
CorrelationRCA,0.6363636363636364,0.9228650137741047,0.6363636363636364,0.6620490620490621,0.4923809523809523
RuleBasedRCA,0.30303030303030304,0.11730205278592376,0.30303030303030304,0.16913319238900634,0.09302325581395349
STGNN-Full,0.9393939393939394,0.9757575757575758,0.9393939393939394,0.9531986531986532,0.7577777777777778
STGNN-NoTopology,0.9393939393939394,0.9696969696969697,0.9393939393939394,0.9523809523809524,0.7532467532467533
STGNN-NoTemporal,0.9393939393939394,0.9757575757575758,0.9393939393939394,0.9531986531986532,0.7577777777777778
