Model,Accuracy,PrecisionWeighted,RecallWeighted,F1Weighted,F1Macro
RandomForest,0.9696969696969697,0.9757575757575758,0.9696969696969697,0.9706589706589707,0.9603174603174602
MLP,0.9696969696969697,0.9757575757575758,0.9696969696969697,0.9706589706589707,0.9603174603174602
STGNN-Full,0.9393939393939394,0.9757575757575758,0.9393939393939394,0.9531986531986532,0.7577777777777778
STGNN-NoTopology,0.9393939393939394,0.9696969696969697,0.9393939393939394,0.9523809523809524,0.7532467532467533
STGNN-NoTemporal,0.9393939393939394,0.9757575757575758,0.9393939393939394,0.9531986531986532,0.7577777777777778
