Model,Accuracy,Precision,Recall,F1,FalsePositiveRate
RandomForest,0.9682539682539683,1.0,0.9393939393939394,0.96875,0.0
MLP,0.8412698412698413,0.8709677419354839,0.8181818181818182,0.84375,0.13333333333333333
CorrelationRCA,0.5555555555555556,0.5490196078431373,0.8484848484848485,0.6666666666666666,0.7666666666666667
RuleBasedRCA,0.49206349206349204,0.5081967213114754,0.9393939393939394,0.6595744680851063,1.0
STGNN-Full,0.8095238095238095,0.8181818181818182,0.8181818181818182,0.8181818181818182,0.2
STGNN-NoTopology,0.8095238095238095,0.92,0.696969696969697,0.7931034482758621,0.06666666666666667
STGNN-NoTemporal,0.8095238095238095,0.92,0.696969696969697,0.7931034482758621,0.06666666666666667
