Model,Accuracy,PrecisionWeighted,RecallWeighted,F1Weighted,F1Macro
RandomForest,1.0,1.0,1.0,1.0,1.0
MLP,0.9696969696969697,0.9757575757575758,0.9696969696969697,0.9702149702149702,0.9623931623931625
STGNN-Full,0.8484848484848485,0.9025974025974026,0.8484848484848485,0.837973137973138,0.6689255189255189
STGNN-NoTopology,0.6363636363636364,0.696969696969697,0.6363636363636364,0.6565656565656565,0.4444444444444444
STGNN-NoTemporal,0.7272727272727273,0.6354723707664883,0.7272727272727273,0.6645768025078369,0.5665024630541872
